{"cameraMode":{"drawMode":0,"name":"Shaded","section":"Shading Mode"},"sceneLighting":true,"audioPlay":false,"sceneViewState":{"m_AlwaysRefresh":false,"showFog":true,"showSkybox":true,"showFlares":true,"showImageEffects":true,"showParticleSystems":true,"showVisualEffectGraphs":true,"m_FxEnabled":true},"in2DMode":false,"pivot":{"x":0.9333736300468445,"y":-0.08582758903503418,"z":-0.8703837394714356},"rotation":{"x":0.008750387467443943,"y":0.9550291299819946,"z":-0.029016846790909768,"w":0.2953513562679291},"size":1.1578558683395386,"orthographic":false}